Timestamp,Avg_Temperature_C,Avg_Humidity_Perc
2025-12-04 18:25:38,30.6,63.3
2025-12-04 19:25:47,30.3,64.2
2025-12-04 20:25:57,30.3,65.6
2025-12-04 21:26:06,30.1,66.9
2025-12-04 22:26:16,29.8,66.2
2025-12-04 23:26:25,29.9,65.1
2025-12-05 00:26:35,29.9,65.9
2025-12-05 09:51:13,28.2,68.7
2025-12-05 10:51:22,29.4,64.6
2025-12-05 11:51:32,30.1,63.3
2025-12-05 12:51:41,30.3,63.7
2025-12-05 14:29:14,30.8,63.6
2025-12-05 15:29:24,30.9,65.2
2025-12-05 16:29:33,31.0,68.4
2025-12-05 17:29:43,30.7,69.3
2025-12-05 18:29:52,30.4,69.6
2025-12-05 19:30:02,30.4,67.2
2025-12-05 21:20:20,29.9,68.3
2025-12-05 22:20:30,29.4,70.8
2025-12-05 23:20:39,29.3,71.1
2025-12-06 00:20:49,29.3,70.4
2025-12-06 09:31:02,28.3,71.5
2025-12-06 10:31:11,29.0,66.5
2025-12-06 11:31:21,29.6,63.8
2025-12-06 12:31:30,30.4,61.4
2025-12-06 13:31:40,31.1,59.3
2025-12-06 14:31:49,31.5,57.7
2025-12-06 15:31:59,31.9,56.5
2025-12-06 16:32:08,32.0,56.9
2025-12-06 17:32:18,31.9,59.3
2025-12-06 18:32:27,31.5,60.4
2025-12-06 19:32:37,31.0,61.0
2025-12-06 20:32:46,30.7,62.6
2025-12-06 21:32:55,30.3,64.3
2025-12-06 22:33:05,30.2,64.1
2025-12-06 23:33:14,29.6,65.2
2025-12-07 00:33:26,29.0,67.1
2025-12-07 09:58:16,27.8,67.8
2025-12-07 10:58:26,29.0,64.1
2025-12-07 11:58:35,29.9,62.1
2025-12-07 12:58:44,30.4,60.8
2025-12-07 13:58:54,30.9,60.0
2025-12-07 14:59:05,31.4,58.1
2025-12-07 15:59:14,31.8,57.2
2025-12-07 16:59:24,31.8,58.0
2025-12-07 17:59:33,31.3,60.2
2025-12-07 18:59:42,30.9,62.3
2025-12-07 19:59:52,30.7,63.7
2025-12-07 21:00:01,30.3,65.2
2025-12-07 22:00:11,30.1,65.7
2025-12-07 23:00:20,29.9,66.1
2025-12-08 00:00:30,29.8,66.0
2025-12-08 01:00:39,29.8,64.9
2025-12-08 10:38:56,28.0,57.4
2025-12-08 11:39:06,29.0,52.8
2025-12-08 12:39:15,30.0,49.1
2025-12-08 13:39:25,31.0,47.9
2025-12-08 14:39:34,31.6,47.3
2025-12-08 15:39:44,31.6,46.6
2025-12-08 16:39:53,31.3,47.0
2025-12-08 17:40:02,31.1,46.9
2025-12-08 18:40:12,30.5,48.3
2025-12-08 19:40:21,29.8,50.3
2025-12-08 20:40:31,29.5,51.6
2025-12-08 21:40:40,28.9,53.6
2025-12-08 22:40:50,28.6,53.8
2025-12-08 23:40:59,28.1,54.9
2025-12-09 09:58:58,26.1,60.6
2025-12-09 10:59:08,27.1,56.0
2025-12-09 11:59:17,28.1,52.3
2025-12-09 12:59:27,28.8,49.5
2025-12-09 13:59:36,29.5,47.1
2025-12-09 14:59:46,29.9,46.3
2025-12-09 15:59:55,30.1,46.3
2025-12-09 17:00:05,30.2,45.3
2025-12-09 18:00:14,29.6,47.9
2025-12-09 19:00:23,29.0,50.7
2025-12-09 20:59:04,28.3,51.1
2025-12-09 21:59:14,28.3,51.7
2025-12-09 22:59:23,28.0,53.2
2025-12-09 23:59:33,27.7,53.9
2025-12-10 00:59:42,27.0,54.2
2025-12-10 10:26:52,26.1,59.4
2025-12-10 11:27:01,27.5,54.9
2025-12-10 12:27:11,28.3,52.5
2025-12-10 13:27:20,29.0,49.2
2025-12-10 15:29:47,29.9,44.4
2025-12-10 16:29:57,30.0,45.9
2025-12-10 17:30:06,30.0,48.7
2025-12-10 18:30:15,29.7,49.6
2025-12-10 19:44:38,29.6,48.0
2025-12-10 20:44:48,30.1,45.8
2025-12-10 21:44:57,29.8,49.1
2025-12-10 22:45:07,29.7,52.7
2025-12-10 23:45:16,29.5,54.6
2025-12-11 00:45:25,29.3,55.7
2025-12-11 09:46:07,26.4,68.7
2025-12-11 10:46:17,26.8,69.7
2025-12-11 11:46:26,27.2,69.5
2025-12-11 12:46:36,26.5,76.5
2025-12-11 13:46:45,26.2,79.0
2025-12-11 14:46:54,26.0,79.5
2025-12-11 15:47:04,26.0,79.4
2025-12-11 16:47:14,26.1,78.3
2025-12-11 17:47:23,26.1,77.9
2025-12-11 18:47:32,26.0,76.5
2025-12-11 19:47:42,25.8,76.6
2025-12-11 20:47:51,25.8,76.4
2025-12-11 21:48:01,25.8,77.3
2025-12-11 22:48:11,25.6,78.5
2025-12-11 23:48:20,25.7,79.3
2025-12-12 00:48:37,25.7,79.7
2025-12-12 09:17:33,24.7,86.1
2025-12-12 10:17:42,25.1,85.5
2025-12-12 11:17:52,25.5,83.6
2025-12-12 12:18:01,26.2,80.7
2025-12-12 13:18:11,26.5,79.0
2025-12-12 14:18:20,26.8,78.4
2025-12-12 15:18:30,27.2,77.6
2025-12-12 16:18:40,27.1,77.5
2025-12-12 17:18:49,27.3,77.3
2025-12-12 18:18:59,27.3,77.2
2025-12-12 19:19:08,27.1,78.4
2025-12-12 20:19:18,26.7,79.4
2025-12-12 21:19:27,26.4,79.9
2025-12-12 22:19:36,26.1,80.9
2025-12-12 23:19:46,26.1,81.1
2025-12-13 00:19:58,26.1,81.5
2025-12-13 01:20:07,25.8,82.9
2025-12-13 10:30:38,26.1,82.4
2025-12-13 11:30:47,26.7,81.1
2025-12-13 12:30:57,27.2,79.7
2025-12-13 13:31:06,28.2,76.8
2025-12-13 14:31:16,28.6,75.3
2025-12-13 15:31:25,28.8,73.8
2025-12-13 16:31:35,29.0,73.9
2025-12-13 17:31:44,29.1,73.5
2025-12-13 18:31:54,28.9,74.9
2025-12-13 19:32:03,28.3,75.7
2025-12-13 20:32:13,27.9,76.8
2025-12-13 21:32:22,27.7,77.3
2025-12-14 10:48:27,26.9,80.2
2025-12-14 11:48:37,27.6,77.1
2025-12-14 12:48:46,27.8,75.0
2025-12-14 13:48:56,28.2,73.3
2025-12-14 14:49:05,28.8,71.1
2025-12-14 15:49:15,29.2,70.1
2025-12-14 16:49:24,29.0,71.6
2025-12-14 17:49:34,29.0,73.0
2025-12-14 18:49:43,29.0,73.2
2025-12-14 19:49:53,28.7,73.6
2025-12-14 20:50:02,28.6,74.0
2025-12-14 21:50:12,28.2,75.4
2025-12-14 22:50:21,28.3,76.0
2025-12-14 23:50:32,28.3,76.6
2025-12-15 00:50:41,28.1,76.6
2025-12-15 10:57:46,27.2,66.1
2025-12-15 11:57:55,28.4,60.5
2025-12-15 12:58:05,29.4,57.6
2025-12-15 13:58:15,30.0,56.9
2025-12-15 14:58:24,30.4,56.2
2025-12-15 15:58:33,30.8,56.1
2025-12-15 16:58:43,30.7,56.9
2025-12-15 17:58:52,30.6,58.5
2025-12-16 10:28:22,27.0,67.9
2025-12-16 11:28:31,28.2,64.4
2025-12-16 12:28:41,29.5,60.5
2025-12-16 13:28:50,30.1,57.9
2025-12-16 14:28:59,30.8,55.9
2025-12-16 15:29:09,31.1,55.1
2025-12-16 16:29:18,31.7,53.4
2025-12-16 17:29:28,31.5,56.6
2025-12-16 18:29:37,31.1,58.0
2025-12-16 19:29:47,30.9,59.0
2025-12-16 20:29:56,30.4,60.2
2025-12-16 21:30:05,30.0,62.2
2025-12-16 22:30:15,29.0,65.3
2025-12-16 23:30:24,28.5,67.5
2025-12-17 00:30:34,28.1,68.6
2025-12-17 15:12:15,30.4,60.1
2025-12-17 16:12:24,31.2,57.7
2025-12-17 18:10:23,31.3,57.3
2025-12-17 19:10:32,30.7,59.8
2025-12-17 20:10:42,29.9,62.7
2025-12-17 21:10:51,29.5,63.0
2025-12-17 22:11:01,29.2,62.9
2025-12-17 23:11:10,28.5,64.6
2025-12-18 00:11:20,28.8,64.0
2025-12-18 09:12:21,26.7,68.5
2025-12-18 10:12:31,27.6,64.0
2025-12-18 11:12:41,28.5,60.6
2025-12-18 12:12:50,29.7,57.1
2025-12-18 13:12:59,30.4,55.7
2025-12-18 14:13:09,30.6,55.2
2025-12-18 15:13:18,31.3,53.8
2025-12-18 16:13:28,31.4,53.2
2025-12-18 17:13:37,31.2,54.0
2025-12-18 18:13:46,31.0,56.6
2025-12-18 19:13:56,30.1,58.5
2025-12-18 20:14:05,29.5,59.7
2025-12-18 21:14:15,29.4,61.5
2025-12-18 22:14:24,28.7,63.5
2025-12-18 23:14:34,28.4,62.1
2025-12-19 00:14:43,28.4,62.4
2025-12-19 01:14:52,27.4,65.1
2025-12-19 02:15:02,27.1,65.6
2025-12-19 09:12:23,26.2,69.3
2025-12-19 10:12:33,27.3,66.7
2025-12-19 11:12:42,28.2,64.5
2025-12-19 12:12:52,29.2,61.9
2025-12-19 13:13:01,29.5,61.3
2025-12-19 14:13:11,29.9,60.1
2025-12-19 15:13:20,30.4,58.4
2025-12-19 16:13:30,30.6,57.7
2025-12-19 17:13:39,30.7,57.3
2025-12-19 18:13:48,30.3,59.2
2025-12-19 19:13:58,29.9,61.8
2025-12-19 20:14:07,29.6,63.4
2025-12-19 21:14:17,29.1,64.3
2025-12-19 22:14:34,28.7,65.0
2025-12-19 23:14:44,28.4,65.6
2025-12-20 00:14:53,27.9,67.4
2025-12-20 01:15:03,27.4,68.7
2025-12-20 10:35:53,27.1,73.7
2025-12-20 11:36:03,28.5,67.2
2025-12-20 12:36:12,29.5,61.9
2025-12-20 13:36:22,29.9,54.5
2025-12-20 14:36:31,30.6,48.0
2025-12-20 15:36:41,31.1,41.7
2025-12-20 16:36:50,31.7,37.6
2025-12-20 17:37:00,31.6,38.5
2025-12-20 18:37:09,30.5,41.1
2025-12-20 19:37:18,30.3,40.3
2025-12-20 20:37:28,30.0,43.4
2025-12-20 21:37:37,29.7,45.3
2025-12-20 22:37:47,28.7,50.0
2025-12-20 23:37:56,29.2,53.6
2025-12-21 00:38:05,28.9,55.5
2025-12-21 10:42:02,27.6,57.5
2025-12-21 11:42:11,29.1,53.3
2025-12-21 12:42:21,30.0,50.5
2025-12-21 13:42:30,30.1,47.9
2025-12-21 14:42:40,30.6,49.3
2025-12-21 15:42:49,30.8,49.2
2025-12-21 16:42:59,30.9,48.8
2025-12-21 17:43:08,30.5,52.0
2025-12-21 18:43:17,30.2,52.3
2025-12-22 10:01:29,26.7,66.7
2025-12-22 11:01:38,28.0,62.6
2025-12-22 12:01:48,29.2,59.6
2025-12-22 13:01:57,29.7,59.5
2025-12-22 14:02:06,30.2,59.1
2025-12-22 15:02:16,30.7,58.1
2025-12-22 16:02:25,30.8,57.8
2025-12-22 17:02:35,31.2,57.1
2025-12-22 18:02:44,30.9,59.0
2025-12-22 19:02:53,30.6,59.5
2025-12-22 20:03:03,30.4,60.2
2025-12-22 21:03:12,30.1,61.4
2025-12-22 22:03:22,30.3,62.0
2025-12-22 23:03:31,30.1,64.3
2025-12-23 00:03:41,29.5,66.3
2025-12-23 09:09:44,27.6,71.9
2025-12-23 10:09:53,28.3,66.1
2025-12-23 11:10:03,29.1,63.5
2025-12-23 12:10:12,29.8,62.1
2025-12-23 13:10:21,30.3,61.3
2025-12-23 14:10:31,30.6,60.6
2025-12-23 15:10:40,31.0,59.7
2025-12-23 16:10:50,31.2,59.6
2025-12-23 17:10:59,31.4,58.7
2025-12-23 18:11:09,31.2,59.3
2025-12-23 19:11:18,30.9,59.7
2025-12-23 20:11:27,30.5,62.1
2025-12-24 10:38:15,28.2,71.0
2025-12-24 11:38:24,29.4,66.8
2025-12-24 12:38:33,30.1,64.2
2025-12-24 13:38:43,30.7,61.6
2025-12-24 14:38:52,31.1,59.0
2025-12-24 15:39:02,31.3,58.7
2025-12-24 16:39:11,31.5,57.2
2025-12-24 17:39:21,31.9,55.2
2025-12-24 18:39:30,31.1,58.6
2025-12-24 19:39:39,30.7,59.4
2025-12-24 20:39:49,30.3,60.0
2025-12-24 21:39:58,29.5,62.3
2025-12-24 22:40:08,29.6,63.0
2025-12-24 23:40:20,29.5,65.4
2025-12-25 00:40:29,29.4,67.1
2025-12-25 10:24:16,28.1,70.8
2025-12-25 11:24:25,29.4,64.4
2025-12-25 12:24:35,30.5,56.3
2025-12-25 13:24:44,31.0,53.4
2025-12-25 14:24:53,31.3,53.2
2025-12-25 15:25:03,31.7,50.4
2025-12-25 16:25:12,31.9,51.1
2025-12-25 17:25:21,31.9,52.4
2025-12-25 18:25:31,31.8,54.1
2025-12-25 19:25:40,31.5,54.5
2025-12-25 20:25:50,31.1,56.4
2025-12-25 21:25:59,30.7,57.3
2025-12-25 22:26:08,30.1,59.1
2025-12-25 23:26:19,29.6,62.2
2025-12-26 10:33:03,27.0,56.9
2025-12-26 11:33:12,28.1,55.2
2025-12-26 12:33:22,28.8,54.1
2025-12-26 13:33:31,29.7,52.0
2025-12-26 14:33:41,30.6,49.8
2025-12-26 15:33:50,30.9,49.4
2025-12-26 16:33:59,31.2,49.5
2025-12-26 17:34:09,31.4,49.2
2025-12-26 18:34:18,30.9,50.7
2025-12-26 19:34:27,30.4,50.8
2025-12-26 20:34:37,30.0,51.2
2025-12-26 21:34:46,29.6,52.0
2025-12-26 22:34:56,29.2,52.6
2025-12-26 23:35:07,28.9,53.3
2025-12-27 00:35:16,28.7,53.2
2025-12-27 10:31:04,26.7,60.7
2025-12-27 11:31:14,27.8,58.3
2025-12-27 12:31:23,28.8,55.6
2025-12-27 13:31:32,29.6,54.0
2025-12-27 14:31:42,30.2,52.1
2025-12-27 15:31:51,30.8,50.7
2025-12-27 16:32:01,30.9,50.6
2025-12-27 17:32:10,31.0,52.3
2025-12-27 18:32:19,30.7,54.7
2025-12-27 19:32:29,29.9,58.6
2025-12-27 20:32:38,29.2,61.2
2025-12-27 21:32:48,28.8,62.2
2025-12-27 22:32:57,28.7,61.2
2025-12-27 23:33:08,28.3,57.7
2025-12-28 00:33:18,28.2,55.8
2025-12-28 10:41:45,26.9,58.0
2025-12-28 11:41:54,28.1,55.5
2025-12-28 12:42:04,28.9,53.6
2025-12-28 13:42:13,29.7,52.3
2025-12-28 14:42:22,30.7,50.4
2025-12-28 15:42:32,30.7,49.7
2025-12-28 16:42:41,30.9,48.7
2025-12-28 17:42:51,30.9,49.4
2025-12-28 18:43:00,30.0,53.2
2025-12-28 19:43:09,29.4,55.6
2025-12-28 20:43:19,28.7,58.7
2025-12-29 11:25:49,27.6,54.6
2025-12-29 12:25:58,28.9,51.2
2025-12-29 13:26:07,30.0,49.2
2025-12-29 14:26:17,30.7,47.1
2025-12-29 15:26:26,31.2,46.0
2025-12-29 16:26:36,31.2,46.0
2025-12-29 17:26:45,31.1,45.1
2025-12-29 18:26:54,30.5,47.1
2025-12-29 19:27:04,29.7,51.0
2025-12-29 20:27:13,29.0,55.2
2025-12-29 21:27:22,28.8,56.7
2025-12-29 22:57:05,28.4,57.4
2025-12-29 23:57:15,28.2,56.8
2025-12-30 00:57:24,27.6,58.1
2025-12-30 10:41:10,27.0,61.0
2025-12-30 11:41:20,28.3,57.6
2025-12-30 12:41:29,29.3,54.4
2025-12-30 13:41:39,30.0,50.4
2025-12-31 10:39:37,27.3,58.2
2025-12-31 11:39:47,28.7,54.2
2025-12-31 12:39:56,29.9,52.4
2025-12-31 13:40:06,30.7,51.8
2025-12-31 14:40:15,31.2,51.5
2025-12-31 15:40:24,31.9,49.9
2025-12-31 16:40:34,31.8,50.2
2025-12-31 17:40:43,31.3,52.4
2025-12-31 18:40:53,30.8,53.9
2025-12-31 19:41:02,30.1,55.1
2025-12-31 20:41:11,29.4,56.2
2025-12-31 21:41:21,28.6,58.4
2025-12-31 22:41:30,28.3,59.1
2025-12-31 23:41:46,27.8,61.2
2026-01-01 00:41:55,27.4,62.8
2026-01-01 10:26:49,27.1,63.8
2026-01-01 11:26:59,28.5,60.4
2026-01-01 12:27:08,29.5,57.8
2026-01-01 13:27:17,30.2,53.4
2026-01-01 14:27:27,30.8,52.6
2026-01-01 15:27:36,31.9,54.4
2026-01-01 16:27:46,32.2,54.6
2026-01-01 17:27:55,31.9,56.2
2026-01-01 18:28:04,31.5,56.2
2026-01-01 19:28:14,30.5,55.8
2026-01-01 20:28:23,29.7,55.3
2026-01-01 21:28:33,29.1,57.1
2026-01-01 22:28:42,28.5,57.8
2026-01-01 23:28:51,28.1,59.4
2026-01-02 00:29:01,27.7,60.8
2026-01-02 11:30:41,27.9,52.0
2026-01-02 12:30:50,29.2,47.5
2026-01-02 13:30:59,30.0,44.3
2026-01-03 10:43:45,26.8,55.2
2026-01-03 11:43:54,27.8,52.3
2026-01-03 12:44:04,28.8,49.9
2026-01-03 13:44:13,29.7,47.9
2026-01-03 14:44:22,30.2,46.3
2026-01-03 15:44:32,30.4,45.3
2026-01-03 16:44:41,30.8,44.0
2026-01-03 17:44:50,30.8,44.5
2026-01-03 18:45:00,30.3,46.5
2026-01-03 19:45:09,29.7,46.8
2026-01-03 20:45:19,29.5,46.8
2026-01-03 21:45:28,29.3,47.3
2026-01-03 22:45:37,28.9,48.3
2026-01-03 23:45:49,28.5,49.1
2026-01-04 00:45:58,28.1,50.5
2026-01-04 10:49:06,26.6,56.9
2026-01-04 11:49:16,27.7,54.1
2026-01-04 12:49:25,28.6,51.4
2026-01-04 13:49:35,29.3,49.6
2026-01-05 00:11:04,28.2,51.5
2026-01-05 01:11:13,27.6,52.0
2026-01-05 10:46:23,26.7,56.0
2026-01-05 11:46:33,28.0,52.4
2026-01-05 12:46:42,29.0,50.1
2026-01-05 13:46:52,29.9,46.6
2026-01-05 14:47:01,30.2,44.8
2026-01-05 15:47:10,30.9,43.2
2026-01-05 17:03:17,30.8,43.0
2026-01-05 18:03:27,30.9,45.4
2026-01-06 11:07:22,26.6,53.6
2026-01-06 12:07:32,27.9,50.9
2026-01-06 13:07:41,28.8,48.9
2026-01-06 14:07:50,29.6,46.5
2026-01-06 15:08:00,30.2,44.3
2026-01-06 16:08:09,30.7,43.5
2026-01-06 17:08:18,30.6,43.2
2026-01-06 18:08:28,30.5,43.3
2026-01-06 19:08:41,29.9,44.5
2026-01-06 20:08:47,29.5,45.1
2026-01-06 21:08:56,29.1,45.9
2026-01-06 22:28:52,28.5,47.2
2026-01-06 23:29:01,28.2,48.5
2026-01-07 00:29:10,27.9,50.2
2026-01-07 11:05:46,25.5,49.4
2026-01-07 12:05:56,26.7,47.4
2026-01-07 13:06:05,27.6,46.1
2026-01-08 09:52:15,23.3,51.8
2026-01-08 10:52:24,24.3,49.9
2026-01-08 11:52:34,25.4,48.0
2026-01-08 12:52:43,26.1,45.7
2026-01-08 13:52:53,26.9,43.6
2026-01-08 14:53:02,27.6,41.3
2026-01-08 15:53:11,27.9,41.1
2026-01-08 16:53:21,28.1,40.2
2026-01-08 17:53:30,27.9,41.5
2026-01-08 18:53:40,27.2,44.1
2026-01-08 19:53:49,26.6,45.5
2026-01-08 20:53:58,25.8,49.2
2026-01-08 21:54:08,25.8,49.3
2026-01-08 22:54:17,25.8,46.6
2026-01-08 23:54:27,25.4,45.6
2026-01-09 10:58:17,23.2,50.0
2026-01-09 11:58:27,24.6,45.2
2026-01-09 12:58:36,25.5,42.4
2026-01-09 13:58:46,26.6,40.0
2026-01-09 14:58:55,27.1,38.8
2026-01-10 08:13:56,21.9,49.4
2026-01-10 15:12:14,23.9,47.4
2026-01-10 16:12:23,28.0,39.3
2026-01-10 17:12:33,28.0,38.5
2026-01-10 18:12:42,27.8,42.2
2026-01-10 19:12:52,26.8,45.4
2026-01-10 20:13:01,26.6,45.4
2026-01-10 21:13:10,25.7,49.6
2026-01-10 22:13:20,25.1,52.2
2026-01-10 23:13:32,24.4,54.5
2026-01-11 00:13:42,23.9,56.8
2026-01-11 11:10:37,24.1,51.7
2026-01-11 12:10:47,25.1,49.0
2026-01-11 13:10:56,26.0,46.0
2026-01-11 14:11:05,27.1,42.4
2026-01-11 15:11:15,27.7,40.5
2026-01-11 16:11:24,28.1,39.0
2026-01-11 17:11:34,28.1,38.2
2026-01-11 18:11:43,27.7,39.9
2026-01-11 19:11:52,26.6,45.5
2026-01-11 20:12:02,25.8,47.9
2026-01-11 21:12:11,25.3,48.9
2026-01-11 22:12:21,25.0,48.5
2026-01-11 23:12:32,24.6,49.4
2026-01-12 00:12:41,24.3,50.1
2026-01-12 11:22:27,24.5,50.9
2026-01-12 12:22:37,25.6,48.0
2026-01-12 13:22:46,26.6,43.8
2026-01-12 14:53:12,27.6,40.4
2026-01-12 15:53:21,28.3,39.0
2026-01-12 16:53:31,28.3,39.9
2026-01-12 17:53:40,28.0,42.2
2026-01-12 18:53:49,27.1,44.9
2026-01-12 19:53:59,26.4,46.9
2026-01-12 20:54:08,26.0,49.2
2026-01-12 21:54:18,26.2,48.5
2026-01-12 22:54:27,25.4,51.8
2026-01-12 23:54:36,24.7,54.4
2026-01-13 00:54:46,24.3,55.9
2026-01-13 10:15:30,24.1,61.1
2026-01-13 11:15:40,25.6,52.0
2026-01-13 12:15:49,26.7,46.9
2026-01-13 13:15:59,27.7,45.8
2026-01-13 14:16:08,28.8,45.0
2026-01-13 15:16:17,29.5,42.8
2026-01-13 16:16:27,29.9,43.8
2026-01-13 17:16:36,29.8,47.0
2026-01-13 18:16:45,29.3,46.7
2026-01-13 19:16:55,28.7,48.0
2026-01-13 20:17:04,27.8,50.6
2026-01-13 21:17:14,27.2,52.5
2026-01-13 22:17:23,26.1,55.7
2026-01-13 23:17:32,25.7,56.2
2026-01-14 00:17:42,25.4,57.2
2026-01-14 11:02:50,25.7,53.1
2026-01-14 12:03:00,27.4,48.9
2026-01-14 13:03:09,28.7,48.6
2026-01-14 14:03:18,29.5,48.0
2026-01-14 15:03:28,30.2,47.1
2026-01-14 16:03:37,30.7,47.5
2026-01-14 17:03:46,30.3,48.2
2026-01-14 18:03:56,30.1,48.3
2026-01-14 19:04:05,29.4,50.2
2026-01-14 20:04:14,28.6,50.8
2026-01-14 21:04:24,28.1,52.1
2026-01-14 22:04:33,27.6,53.8
2026-01-14 23:04:43,27.3,54.6
2026-01-15 00:04:54,27.2,55.6
2026-01-15 01:05:04,27.5,58.2
2026-01-15 02:05:13,27.2,55.4
2026-01-15 10:33:10,26.0,62.0
2026-01-15 11:33:20,26.9,58.6
2026-01-15 12:33:29,29.1,54.7
2026-01-15 13:33:38,30.3,53.0
2026-01-15 14:33:48,31.0,52.8
2026-01-15 15:33:57,31.4,52.6
2026-01-15 16:49:40,31.6,51.7
2026-01-15 17:49:49,31.5,52.5
2026-01-15 18:49:59,31.2,54.2
2026-01-15 19:50:08,30.0,55.9
2026-01-15 20:50:17,29.5,56.5
2026-01-15 21:50:27,29.1,57.7
2026-01-15 22:50:36,28.9,58.1
2026-01-15 23:50:45,28.7,58.6
2026-01-16 00:50:55,28.0,60.0
2026-01-16 10:55:37,27.9,64.6
2026-01-16 11:55:47,29.3,60.2
2026-01-16 12:55:56,30.6,57.0
2026-01-16 13:56:05,31.7,51.3
2026-01-16 14:56:15,32.0,51.6
2026-01-16 15:56:24,32.4,51.1
2026-01-16 16:56:33,32.5,50.4
2026-01-16 17:56:43,32.4,51.9
2026-01-16 18:56:52,31.9,54.6
2026-01-16 19:57:01,31.1,56.1
2026-01-16 20:57:11,30.6,57.8
2026-01-16 21:57:20,29.6,59.5
2026-01-16 22:57:30,29.9,59.3
2026-01-16 23:57:39,29.2,60.5
2026-01-17 11:04:57,28.3,65.4
2026-01-17 12:05:07,29.6,60.0
2026-01-17 13:05:16,30.6,55.5
2026-01-17 14:05:25,30.7,54.9
2026-01-17 15:05:35,31.3,52.9
2026-01-17 16:05:44,31.9,50.9
2026-01-17 17:05:53,32.1,50.6
2026-01-17 18:06:03,32.0,50.9
2026-01-17 19:06:12,30.8,54.7
2026-01-17 20:06:21,30.6,55.4
2026-01-17 21:06:31,30.4,58.1
2026-01-17 22:06:40,30.0,60.2
2026-01-17 23:06:53,29.6,61.6
2026-01-18 00:07:03,29.9,60.4
2026-01-18 08:15:00,26.0,70.8
2026-01-18 09:15:09,27.1,68.8
2026-01-18 10:15:19,28.1,64.9
2026-01-18 11:15:28,29.0,59.9
2026-01-18 12:15:38,30.0,55.6
2026-01-18 13:15:47,30.8,53.4
2026-01-18 14:15:56,31.7,50.4
2026-01-18 15:16:06,32.0,50.6
2026-01-18 16:16:15,32.2,50.6
2026-01-18 17:16:24,32.3,50.9
2026-01-18 18:16:34,32.1,52.3
2026-01-18 19:16:43,31.6,54.1
2026-01-18 20:16:52,31.0,55.2
2026-01-18 21:17:02,30.5,52.6
2026-01-18 22:17:11,30.1,53.4
2026-01-18 23:17:20,29.9,52.9
2026-01-19 09:41:04,27.2,62.3
2026-01-19 10:41:13,28.2,59.2
2026-01-19 11:41:22,29.3,53.3
2026-01-19 12:41:32,30.4,48.0
2026-01-19 13:41:41,31.1,42.4
2026-01-19 14:41:50,31.5,40.0
2026-01-19 15:42:00,32.2,39.6
2026-01-19 16:42:09,32.7,40.3
2026-01-20 09:55:16,27.1,62.4
2026-01-20 10:55:25,28.4,59.4
2026-01-20 11:55:35,29.4,54.5
2026-01-20 12:55:44,30.5,49.5
2026-01-20 13:55:54,31.3,46.9
2026-01-20 14:56:03,31.9,44.7
2026-01-20 15:56:12,32.3,42.6
2026-01-20 16:56:22,32.3,43.4
2026-01-20 17:56:31,32.1,42.7
2026-01-20 18:56:40,32.0,41.7
2026-01-20 19:56:49,31.8,39.4
2026-01-20 20:56:59,31.0,39.1
2026-01-20 21:57:08,31.1,40.9
2026-01-20 22:57:17,31.1,42.2
2026-01-20 23:57:31,30.0,47.4
2026-01-21 10:23:09,28.2,56.6
2026-01-21 11:23:18,29.5,52.8
2026-01-21 12:23:28,30.8,49.4
2026-01-21 13:23:37,31.9,47.7
2026-01-21 14:23:46,32.5,48.2
2026-01-21 15:23:56,32.8,49.3
2026-01-21 16:24:05,32.9,52.2
2026-01-21 17:24:14,33.1,53.5
2026-01-21 18:24:24,32.8,53.7
2026-01-21 19:24:33,32.1,54.8
2026-01-21 20:24:42,31.5,56.4
2026-01-21 21:24:52,30.3,58.6
2026-01-21 22:25:01,30.5,51.0
2026-01-21 23:25:10,30.5,45.9
2026-01-22 00:25:22,30.6,45.8
2026-01-22 10:00:46,27.6,52.7
2026-01-22 11:00:56,28.9,49.3
2026-01-22 12:01:05,29.8,47.8
2026-01-22 13:01:14,30.6,46.3
2026-01-22 14:01:24,31.6,42.7
2026-01-22 15:01:33,32.1,41.1
2026-01-22 16:01:42,32.3,40.8
2026-01-22 17:01:52,32.6,40.1
2026-01-22 18:02:01,32.5,40.1
2026-01-22 19:02:10,32.3,39.6
2026-01-22 20:02:19,31.7,39.7
2026-01-22 21:02:29,30.9,40.5
2026-01-22 22:02:38,31.0,40.2
2026-01-22 23:02:47,30.1,41.7
2026-01-23 00:02:58,30.1,41.9
2026-01-23 10:29:34,27.0,55.4
2026-01-23 11:29:44,28.1,52.5
2026-01-23 12:29:53,29.1,50.0
2026-01-23 13:30:02,29.9,46.4
2026-01-23 14:30:12,30.8,41.6
2026-01-23 15:30:21,31.2,40.7
2026-01-23 16:30:30,31.6,39.9
2026-01-23 17:30:40,31.5,39.4
2026-01-23 18:30:49,31.1,40.9
2026-01-23 19:30:58,30.3,42.8
2026-01-24 11:08:06,27.4,54.6
2026-01-24 12:08:15,29.0,47.8
2026-01-24 13:08:24,29.6,41.6
2026-01-24 14:08:34,30.3,41.5
2026-01-24 15:08:43,31.0,39.1
2026-01-24 16:08:53,31.2,38.3
2026-01-24 17:09:02,31.6,38.1
2026-01-24 18:09:11,31.3,38.9
2026-01-24 19:09:20,30.7,40.6
2026-01-25 10:22:59,27.0,51.1
2026-01-25 11:23:08,28.7,45.0
2026-01-25 12:23:18,29.7,41.8
2026-01-25 13:23:27,30.6,40.0
2026-01-25 14:23:36,31.3,38.7
2026-01-25 15:23:46,32.2,40.8
2026-01-25 16:23:55,32.3,42.2
2026-01-25 17:24:04,32.2,41.7
2026-01-25 18:24:14,31.7,42.5
2026-01-26 10:47:40,26.7,57.0
2026-01-26 11:47:50,28.0,51.8
2026-01-26 12:47:59,29.3,48.4
2026-01-26 13:48:08,30.6,43.9
2026-01-26 14:48:18,31.4,41.6
2026-01-27 10:24:10,26.6,52.7
2026-01-27 11:24:20,28.1,49.9
2026-01-27 12:24:29,29.6,46.7
2026-01-27 14:28:48,31.5,40.4
2026-01-27 15:28:57,32.2,39.0
2026-01-27 16:29:07,32.4,40.6
2026-01-27 17:29:16,32.4,43.5
2026-01-27 18:29:25,31.8,45.1
2026-01-27 19:29:34,30.8,46.9
2026-01-27 20:29:44,30.2,47.3
2026-01-27 21:29:53,29.5,46.9
2026-01-27 22:30:02,28.9,48.7
2026-01-27 23:30:12,28.4,49.9
2026-01-28 00:30:21,28.1,52.8
2026-01-28 09:57:26,26.9,52.8
2026-01-28 10:57:35,28.3,50.5
2026-01-28 11:57:45,29.1,49.4
2026-01-28 12:57:54,30.4,46.1
2026-01-28 13:58:03,30.8,43.8
2026-01-28 14:58:13,31.3,42.5
2026-01-28 15:58:22,31.8,42.1
2026-01-28 16:58:31,32.1,41.3
2026-01-28 17:58:41,32.0,45.2
2026-01-28 18:58:50,31.5,48.0
2026-01-28 19:58:59,30.9,49.1
2026-01-28 20:59:08,30.3,50.4
2026-01-28 21:59:18,29.9,50.3
2026-01-28 22:59:27,29.4,50.8
2026-01-28 23:59:40,28.9,52.4
2026-01-29 00:59:49,28.6,52.6
2026-01-29 10:08:48,27.0,53.0
2026-01-29 11:08:58,28.7,49.8
2026-01-29 12:09:07,30.0,46.5
2026-01-29 13:09:16,31.2,45.4
2026-01-29 14:09:26,32.3,44.1
2026-01-29 15:09:35,32.6,43.1
2026-01-29 16:09:44,32.9,42.1
2026-01-29 17:09:53,32.8,41.5
2026-01-29 18:10:03,32.3,42.6
2026-01-29 19:10:12,31.7,43.6
2026-01-29 20:10:21,30.9,45.0
2026-01-29 21:10:31,30.1,46.4
2026-01-29 22:10:40,29.8,47.2
2026-01-29 23:10:51,29.4,48.6
2026-01-30 00:11:01,28.9,49.6
2026-01-30 01:11:10,28.5,51.0
2026-01-30 08:06:55,25.2,60.9
2026-01-30 09:07:05,25.9,60.2
2026-01-30 10:07:14,27.6,54.5
2026-01-31 10:16:44,27.5,58.6
2026-01-31 11:16:53,29.0,53.0
2026-01-31 12:17:03,30.4,50.0
2026-02-01 10:03:48,27.6,52.6
2026-02-01 11:03:57,28.8,49.6
2026-02-01 12:04:06,30.0,46.7
2026-02-01 13:04:16,30.8,45.4
2026-02-01 14:04:25,31.5,44.1
2026-02-01 15:04:34,32.4,42.8
2026-02-01 16:04:44,32.7,41.6
2026-02-01 17:04:53,33.0,44.0
2026-02-01 18:05:02,32.7,46.5
2026-02-01 19:05:12,32.1,49.3
2026-02-01 20:05:21,31.3,50.0
2026-02-01 21:05:30,30.7,50.7
2026-02-01 22:05:40,30.0,52.0
2026-02-01 23:05:49,30.1,47.5
2026-02-02 00:05:58,29.8,51.5
2026-02-02 10:19:40,27.7,53.6
2026-02-02 11:19:49,28.9,51.7
2026-02-02 12:19:59,30.1,48.4
2026-02-02 13:20:08,31.4,44.4
2026-02-02 14:20:17,32.3,41.2
2026-02-02 15:20:27,32.8,40.6
2026-02-02 16:20:36,33.2,38.9
2026-02-02 17:20:45,32.9,38.6
2026-02-02 18:20:55,32.5,39.8
2026-02-02 19:21:04,32.0,40.9
2026-02-02 20:21:13,31.4,42.3
2026-02-02 21:21:23,30.6,43.3
2026-02-02 22:21:32,30.4,43.9
2026-02-02 23:21:41,29.9,44.6
2026-02-03 00:21:51,29.5,45.8
2026-02-03 10:30:17,27.2,55.4
2026-02-03 11:30:26,28.5,53.0
2026-02-03 12:30:36,29.4,51.5
2026-02-03 13:30:45,30.4,49.9
2026-02-03 14:30:54,30.9,47.8
2026-02-03 15:31:04,31.6,46.3
2026-02-03 16:31:13,32.1,44.8
2026-02-03 17:31:22,32.2,47.3
2026-02-03 18:31:31,31.7,48.4
2026-02-03 19:31:41,31.5,48.4
2026-02-03 20:31:50,31.0,51.1
2026-02-03 21:31:59,30.4,52.0
2026-02-04 10:17:53,27.7,60.1
2026-02-04 11:18:02,29.4,53.4
2026-02-04 12:18:11,30.5,49.2
2026-02-04 13:18:21,31.6,46.3
2026-02-04 14:18:30,32.5,46.4
2026-02-04 15:18:39,33.5,47.1
2026-02-04 16:18:49,33.7,46.1
2026-02-04 17:18:58,33.6,45.3
2026-02-04 18:19:07,33.2,44.7
2026-02-04 19:19:17,32.5,46.3
2026-02-04 20:19:26,31.8,44.8
2026-02-04 21:19:35,31.1,45.1
2026-02-04 22:19:44,30.5,45.7
2026-02-04 23:19:54,30.2,46.6
2026-02-05 10:05:15,28.7,57.6
2026-02-05 11:05:24,30.5,53.4
2026-02-05 12:05:33,31.6,50.0
2026-02-05 13:05:43,32.6,48.2
2026-02-05 14:05:52,33.5,46.5
2026-02-05 15:06:01,33.8,46.1
2026-02-05 16:06:10,34.3,44.8
2026-02-05 17:06:20,34.5,44.3
2026-02-05 18:06:29,33.9,46.6
2026-02-05 19:06:38,32.9,48.3
2026-02-05 20:06:48,32.2,50.3
2026-02-05 21:06:57,31.5,50.7
2026-02-05 22:07:06,31.1,51.4
2026-02-05 23:07:15,30.8,51.4
2026-02-06 00:07:34,30.4,51.6
2026-02-06 11:09:34,30.1,61.9
2026-02-06 12:09:43,31.6,57.4
2026-02-06 13:09:53,32.8,52.8
2026-02-06 14:10:02,33.9,50.5
2026-02-06 15:10:11,34.8,48.5
2026-02-06 16:10:21,35.2,46.4
2026-02-06 17:10:30,35.1,46.8
2026-02-06 18:10:39,34.2,49.4
2026-02-06 19:10:48,33.1,52.1
2026-02-06 20:10:58,32.1,53.6
2026-02-06 21:11:07,31.6,54.7
2026-02-06 22:11:16,31.3,56.3
2026-02-06 23:11:26,31.0,56.9
2026-02-07 00:11:35,30.7,58.1
2026-02-07 01:11:44,30.5,60.1
2026-02-07 10:16:54,29.6,74.9
2026-02-07 11:17:04,30.8,71.8
2026-02-07 12:17:13,31.9,68.1
2026-02-07 13:17:22,33.0,61.6
2026-02-07 14:17:32,34.0,54.6
2026-02-07 15:17:41,34.9,50.7
2026-02-07 16:17:50,35.1,50.3
2026-02-08 09:39:13,29.6,74.2
2026-02-08 10:39:22,30.6,66.2
2026-02-08 11:39:32,31.4,62.9
2026-02-08 12:39:41,31.8,63.0
2026-02-08 13:39:50,32.7,62.3
2026-02-08 14:40:00,33.3,60.7
2026-02-08 15:40:09,33.5,59.0
2026-02-08 16:40:18,33.3,57.4
2026-02-08 17:40:28,33.4,56.8
2026-02-08 18:40:37,33.4,55.3
2026-02-08 19:40:46,32.8,56.2
2026-02-08 20:40:56,32.4,56.8
2026-02-08 21:41:05,32.4,56.3
2026-02-08 22:41:14,32.2,56.0
2026-02-08 23:41:24,31.7,56.9
2026-02-09 00:41:33,31.5,56.8
2026-02-09 09:52:47,27.9,61.0
2026-02-09 10:52:56,28.2,59.8
2026-02-09 11:53:06,28.6,59.0
2026-02-09 12:53:15,28.8,58.5
2026-02-09 13:53:25,28.9,58.3
2026-02-09 14:53:34,29.3,62.1
2026-02-09 15:53:43,28.8,68.2
2026-02-09 16:53:53,28.5,68.1
2026-02-09 17:54:02,28.8,65.1
2026-02-09 18:54:11,28.8,65.3
2026-02-09 19:54:21,28.7,65.7
2026-02-09 20:54:30,28.5,67.3
2026-02-09 21:54:39,28.1,69.2
2026-02-10 10:43:34,27.8,65.7
2026-02-10 11:43:44,29.6,59.4
2026-02-10 12:43:53,30.7,55.5
2026-02-10 13:44:02,31.4,52.1
2026-02-10 14:44:12,32.6,48.2
2026-02-10 15:44:21,32.8,50.1
2026-02-10 16:44:30,33.4,53.0
2026-02-10 17:44:39,33.0,52.3
2026-02-10 18:44:49,32.4,52.6
2026-02-10 19:44:58,31.6,53.9
2026-02-10 20:45:07,31.1,56.9
2026-02-10 21:45:17,30.6,59.1
2026-02-10 22:45:35,30.1,60.4
2026-02-10 23:45:44,29.5,61.8
2026-02-11 10:09:34,29.0,63.4
2026-02-11 11:09:44,30.8,55.5
2026-02-11 12:09:53,32.1,50.1
2026-02-11 13:10:02,33.1,45.3
2026-02-11 14:10:12,34.2,43.3
2026-02-11 15:10:21,34.5,45.5
2026-02-11 16:10:30,34.8,48.8
2026-02-12 10:24:38,29.6,56.0
2026-02-12 11:24:48,31.2,53.6
2026-02-12 12:24:57,32.7,48.0
2026-02-12 13:25:06,33.6,49.6
2026-02-12 14:25:15,34.7,49.5
2026-02-13 10:18:29,30.4,75.2
2026-02-13 11:18:38,31.6,69.6
2026-02-13 12:18:48,32.7,66.0
2026-02-19 11:36:46,31.6,53.6
2026-02-19 12:36:55,32.4,52.6
2026-02-19 13:37:05,33.4,50.4
2026-02-19 14:37:14,34.1,48.3
2026-02-19 15:37:23,34.6,47.1
2026-02-19 16:37:33,34.9,50.1
2026-02-19 17:37:42,35.0,51.2
2026-02-19 18:37:51,34.6,53.0
2026-02-19 19:38:00,34.2,55.2
2026-02-20 10:36:45,30.7,53.5
2026-02-20 11:36:54,31.9,51.1
2026-02-20 12:37:03,32.8,49.4
2026-02-20 13:37:13,33.5,47.5
2026-02-20 14:37:22,34.3,44.5
2026-02-20 15:37:31,35.0,42.7
2026-02-20 16:37:40,35.3,41.6
2026-02-20 17:37:50,35.1,43.1
2026-02-20 18:37:59,34.9,47.0
2026-02-20 19:38:08,34.3,52.2
2026-02-20 20:38:18,33.8,53.8
2026-02-20 21:38:27,33.3,53.7
2026-02-20 22:38:36,32.7,53.6
2026-02-20 23:38:45,32.3,53.5
2026-02-21 09:59:39,30.7,52.9
2026-02-21 10:59:48,32.1,49.8
2026-02-21 11:59:57,33.2,49.4
2026-02-21 13:00:07,34.1,48.7
2026-02-21 14:00:16,34.8,46.3
2026-02-21 15:00:25,35.3,44.8
2026-02-21 16:00:35,35.7,44.7
2026-02-21 17:00:44,35.7,45.0
2026-02-21 18:00:53,35.3,45.2
2026-02-21 19:01:02,34.8,46.2
2026-02-21 20:01:12,34.4,49.2
2026-02-21 21:01:21,34.2,51.0
2026-02-21 22:01:30,33.7,53.6
2026-02-21 23:01:40,33.1,57.5
2026-02-22 00:01:49,32.8,59.2
2026-02-22 01:01:58,32.7,59.8
2026-02-22 10:14:27,31.5,71.4
2026-02-22 11:14:36,32.3,68.8
2026-02-22 12:14:45,33.2,64.5
2026-02-22 13:14:55,33.9,62.6
2026-02-22 14:15:04,34.3,62.9
2026-02-22 15:15:13,34.9,59.9
2026-02-22 16:15:23,34.8,54.8
2026-02-22 17:15:32,34.9,51.6
2026-02-22 18:15:41,33.7,53.1
2026-02-22 19:15:50,32.9,51.2
2026-02-22 20:16:00,32.8,52.1
2026-02-22 21:16:09,32.6,56.6
2026-02-22 22:16:18,32.4,58.8
2026-02-22 23:16:28,32.0,65.9
2026-02-23 10:42:53,31.0,67.6
2026-02-23 11:43:02,32.2,66.7
2026-02-23 12:43:12,33.1,65.2
2026-02-23 13:43:21,34.0,63.9
2026-02-23 14:43:30,35.0,60.8
2026-02-23 15:43:39,35.5,59.2
2026-02-23 16:43:49,35.4,58.0
2026-02-23 17:43:58,35.3,58.0
2026-02-23 18:44:07,35.0,59.6
2026-02-23 19:44:17,34.7,59.3
2026-02-23 20:44:28,34.4,59.6
2026-02-23 21:44:35,33.8,61.4
2026-02-23 22:44:44,33.2,62.0
2026-02-23 23:44:54,32.4,63.9
2026-02-24 00:45:03,32.3,64.7
2026-02-24 10:22:11,31.5,73.6
2026-02-24 11:22:21,32.2,70.2
2026-02-24 12:22:30,33.0,67.8
2026-02-24 13:22:39,33.8,63.4
2026-02-24 14:22:49,34.5,61.4
2026-02-24 15:22:58,35.1,60.5
2026-02-24 16:23:07,35.5,59.3
2026-02-24 17:23:17,35.2,57.2
2026-02-24 18:23:26,34.9,57.6
2026-02-24 19:23:35,34.4,58.2
2026-02-24 20:23:44,34.0,58.1
2026-02-24 21:23:54,33.5,61.7
2026-02-24 22:24:03,33.4,61.9
2026-02-24 23:24:12,32.7,61.8
2026-02-25 09:30:21,29.0,74.6
2026-02-25 10:30:30,30.1,70.7
2026-02-25 11:30:42,30.9,67.7
2026-02-25 12:30:49,31.7,66.1
2026-02-25 13:30:58,32.0,65.5
2026-02-25 14:31:08,32.4,64.6
2026-02-25 15:31:17,32.5,64.8
2026-02-25 17:15:52,33.3,61.9
2026-02-25 18:16:02,33.3,62.3
2026-02-25 19:16:11,33.1,62.2
2026-02-25 20:16:20,32.8,64.4
2026-02-25 21:16:29,32.5,65.3
2026-02-25 22:16:39,32.3,64.7
2026-02-25 23:16:48,32.3,65.5
2026-02-26 00:16:57,32.1,67.2
2026-02-26 10:33:38,29.2,67.2
2026-02-26 11:33:47,30.5,63.5
2026-02-26 12:33:57,32.0,61.0
2026-02-26 13:34:06,33.0,60.0
2026-02-26 14:34:15,33.5,56.4
2026-02-26 15:34:25,34.3,55.5
2026-02-26 16:34:34,34.5,55.9
2026-02-26 17:34:43,34.2,56.9
2026-02-26 18:34:52,34.1,58.8
2026-02-26 19:35:02,33.8,59.7
2026-02-26 20:35:11,33.8,59.8
2026-02-26 21:35:20,33.4,61.2
2026-02-26 22:35:29,32.8,64.1
2026-02-26 23:35:39,32.2,64.9
2026-02-27 00:36:07,31.5,64.5
2026-02-27 01:36:16,31.2,65.4
2026-02-27 10:40:20,30.8,69.3
2026-02-27 11:40:30,31.9,66.2
2026-02-27 12:40:39,32.9,63.1
2026-02-27 13:40:48,34.1,59.4
2026-02-27 14:40:58,34.7,56.9
2026-02-27 15:41:07,35.0,56.1
2026-02-27 16:41:16,35.2,54.6
2026-02-27 17:41:25,34.8,53.8
2026-02-27 18:41:35,34.8,54.7
2026-02-27 19:41:44,34.5,57.9
2026-02-27 20:41:53,34.1,59.9
2026-02-27 21:42:03,33.8,60.1
2026-02-27 22:42:12,33.6,61.2
2026-02-27 23:42:21,33.3,62.1
2026-02-28 10:27:57,31.6,69.8
2026-02-28 11:28:07,32.6,62.8
2026-02-28 12:28:16,33.3,59.0
2026-02-28 13:28:25,34.2,57.0
2026-02-28 14:28:34,35.0,53.3
2026-02-28 16:07:51,35.6,50.2
2026-02-28 17:08:01,35.7,51.7
2026-02-28 18:08:10,35.6,53.4
2026-02-28 19:08:19,35.1,54.1
2026-02-28 20:08:28,34.4,55.5
2026-02-28 21:08:38,34.0,57.6
2026-02-28 22:08:47,33.7,59.3
2026-02-28 23:08:59,33.5,59.4
2026-03-01 00:09:08,33.3,59.8
2026-03-01 01:09:17,32.9,63.4
2026-03-01 11:21:06,32.2,64.4
2026-03-01 12:21:15,33.4,59.3
2026-03-01 13:21:25,34.6,54.7
2026-03-01 14:21:34,35.4,48.2
2026-03-01 15:21:43,35.7,47.0
2026-03-01 16:21:52,36.0,47.1
2026-03-01 17:22:02,36.0,47.1
2026-03-01 18:22:11,35.7,48.0
2026-03-01 19:22:20,35.3,51.2
2026-03-01 20:22:29,34.8,52.7
2026-03-01 21:22:39,34.3,52.6
2026-03-01 22:22:48,34.0,53.7
2026-03-01 23:22:57,33.5,55.7
2026-03-02 00:23:07,33.1,57.0
2026-03-02 10:53:09,32.0,53.9
2026-03-02 11:53:19,33.3,51.2
2026-03-02 12:53:28,34.5,49.5
2026-03-02 13:53:37,35.5,44.5
2026-03-02 14:53:46,36.4,42.5
2026-03-02 15:53:56,36.7,42.3
2026-03-02 16:54:05,36.8,41.0
2026-03-03 11:22:24,32.8,49.7
2026-03-03 12:22:33,33.8,45.8
2026-03-03 13:22:42,34.7,41.4
2026-03-03 14:22:52,35.4,41.1
2026-03-03 15:23:05,35.9,37.3
2026-03-03 16:23:12,36.4,35.8
2026-03-03 17:23:19,36.3,36.2
2026-03-03 18:23:29,36.1,38.2
2026-03-03 19:23:38,35.2,39.6
2026-03-03 20:23:47,34.5,40.0
2026-03-03 21:23:56,34.1,41.2
2026-03-03 22:24:06,33.5,41.7
2026-03-03 23:24:15,33.0,43.0
2026-03-04 00:24:24,32.7,44.3
2026-03-04 01:24:33,32.3,45.9
2026-03-04 11:14:48,32.0,47.7
2026-03-04 12:14:58,33.6,44.2
2026-03-04 13:15:07,35.2,44.4
2026-03-04 14:15:16,35.9,49.1
2026-03-04 15:15:25,36.2,47.7
2026-03-04 16:15:35,36.4,41.4
2026-03-04 17:15:44,36.4,40.9
2026-03-04 18:15:53,35.9,40.8
2026-03-04 19:16:02,35.1,41.9
2026-03-04 20:16:12,34.1,40.5
2026-03-04 21:16:21,33.8,38.9
2026-03-05 10:48:15,31.5,61.6
2026-03-05 11:48:24,32.7,58.4
2026-03-05 12:48:34,33.7,56.9
2026-03-05 13:48:43,34.6,54.6
2026-03-05 14:48:52,35.2,51.8
2026-03-05 15:49:01,35.6,46.8
2026-03-05 16:49:11,35.5,43.3
2026-03-05 17:49:20,35.0,41.0
2026-03-05 18:49:29,34.7,42.7
2026-03-05 19:49:39,34.1,45.4
2026-03-05 20:49:48,33.7,48.9
2026-03-05 21:49:57,33.5,51.6
2026-03-05 22:50:06,33.2,54.1
2026-03-05 23:50:16,32.8,55.3
2026-03-06 00:50:29,32.3,56.7
2026-03-06 01:50:38,31.9,57.7
2026-03-06 09:55:47,30.3,62.8
2026-03-06 10:55:56,31.4,60.9
2026-03-06 11:56:05,32.3,58.6
2026-03-06 12:56:15,33.0,56.9
2026-03-06 13:56:24,33.8,55.0
2026-03-06 14:56:33,34.8,54.7
2026-03-06 15:56:43,35.1,53.6
2026-03-06 16:56:52,35.1,52.8
2026-03-06 17:57:01,35.0,50.6
2026-03-06 18:57:10,34.7,50.1
2026-03-06 19:57:21,34.1,51.8
2026-03-06 20:57:29,33.7,55.2
2026-03-06 21:57:38,33.4,56.4
2026-03-06 22:57:47,33.0,54.9
2026-03-06 23:57:57,32.9,53.7
2026-03-07 00:58:06,32.6,54.1
2026-03-07 10:37:58,31.6,57.7
2026-03-07 11:38:07,32.6,55.0
2026-03-07 12:38:17,33.4,52.5
2026-03-07 13:38:26,34.3,49.1
2026-03-07 14:38:35,34.9,47.9
2026-03-07 15:38:44,35.6,49.4
2026-03-07 16:38:54,35.6,49.9
2026-03-07 17:39:03,35.6,49.3
2026-03-07 18:39:12,35.5,48.8
2026-03-07 19:39:21,35.1,50.6
2026-03-07 20:39:30,34.7,51.3
2026-03-07 21:39:40,34.3,52.8
2026-03-07 22:39:49,33.9,54.5
2026-03-07 23:39:58,33.5,55.0
2026-03-08 10:42:16,31.9,54.9
2026-03-08 11:42:25,33.0,53.0
2026-03-08 12:42:35,33.8,50.4
2026-03-08 13:42:44,34.4,49.2
2026-03-08 14:42:53,35.4,50.0
2026-03-08 15:43:02,35.9,49.0
2026-03-08 16:43:12,36.1,48.4
2026-03-08 17:43:21,35.8,47.7
2026-03-08 18:43:30,35.2,50.1
2026-03-08 19:43:39,34.8,51.8
2026-03-08 20:43:49,34.3,51.8
2026-03-08 21:43:58,34.0,51.4
2026-03-08 22:44:07,33.5,52.6
2026-03-08 23:44:17,33.2,53.5
2026-03-09 10:16:15,31.7,51.0
2026-03-09 11:16:24,32.7,48.5
2026-03-09 12:16:33,33.6,46.0
2026-03-09 13:16:42,34.6,43.1
2026-03-09 14:16:51,35.4,39.6
2026-03-09 15:17:01,36.1,37.0
2026-03-09 16:17:10,36.4,38.4
2026-03-09 17:17:19,36.3,42.1
2026-03-09 18:17:28,36.0,44.7
2026-03-09 19:17:38,35.5,45.9
2026-03-09 20:17:47,34.8,46.3
2026-03-09 21:17:56,34.5,45.1
2026-03-09 22:18:05,34.0,41.8
2026-03-09 23:18:15,33.8,41.3
2026-03-10 00:18:26,33.2,42.6
2026-03-10 10:15:34,30.9,49.0
2026-03-10 11:15:43,32.0,47.3
2026-03-10 12:15:52,32.9,45.9
2026-03-10 13:16:02,33.8,44.3
2026-03-10 14:16:11,35.0,42.5
2026-03-10 15:16:20,35.5,41.3
2026-03-10 16:16:29,35.6,41.2
2026-03-10 17:16:39,35.7,43.4
2026-03-10 18:16:48,35.5,43.9
2026-03-10 19:16:57,35.2,46.8
2026-03-10 20:17:06,34.8,48.1
2026-03-10 21:17:15,34.1,48.7
2026-03-10 22:17:25,33.8,46.3
2026-03-10 23:17:34,33.4,45.8
2026-03-11 11:04:54,30.8,50.3
2026-03-11 12:14:11,32.3,47.4
2026-03-11 13:14:20,33.4,45.6
2026-03-11 14:14:30,34.1,45.2
2026-03-11 15:14:39,34.5,45.2
2026-03-11 16:14:48,35.0,44.9
2026-03-11 17:14:57,35.2,44.8
2026-03-11 18:15:07,35.2,46.9
2026-03-11 19:15:16,34.8,48.4
2026-03-11 20:15:25,34.2,50.4
2026-03-11 21:15:34,33.8,51.3
2026-03-11 22:15:44,33.3,51.2
2026-03-11 23:15:53,32.0,51.0
2026-03-12 10:16:44,29.1,55.8
2026-03-12 11:16:53,30.2,54.1
2026-03-12 12:17:02,31.3,52.9
2026-03-12 13:17:12,32.0,52.0
2026-03-12 14:17:21,33.0,50.8
2026-03-12 15:17:30,33.7,49.9
2026-03-12 16:17:39,34.3,49.5
2026-03-12 17:17:49,34.5,50.0
2026-03-12 18:17:58,34.3,50.2
2026-03-12 20:17:57,33.5,51.8
2026-03-12 21:18:07,32.9,51.4
2026-03-12 22:18:16,32.3,50.2
2026-03-12 23:18:25,31.9,48.1
2026-03-13 00:18:34,31.7,48.8
2026-03-13 10:18:26,30.0,51.8
2026-03-13 11:18:35,30.6,50.2
2026-03-13 12:18:44,31.2,49.8
2026-03-13 13:18:54,31.6,49.3
2026-03-13 14:19:03,32.0,48.6
2026-03-13 15:19:12,31.0,54.3
2026-03-13 16:19:21,31.9,51.0
2026-03-13 17:19:31,32.3,50.7
2026-03-13 18:19:40,31.8,55.8
2026-03-13 19:19:49,31.8,55.3
2026-03-13 20:19:59,30.9,59.4
2026-03-13 21:20:08,31.0,57.1
2026-03-13 22:20:17,30.8,58.5
2026-03-13 23:20:29,30.6,60.5
2026-03-14 10:27:29,29.2,54.6
2026-03-14 11:27:38,30.2,52.3
2026-03-14 12:27:48,31.1,50.6
2026-03-14 13:27:57,32.1,48.7
2026-03-14 14:28:06,32.5,47.6
2026-03-14 15:28:15,33.1,45.9
2026-03-14 16:28:25,32.5,50.7
2026-03-14 17:28:34,31.9,53.5
2026-03-14 18:28:43,31.7,60.7
2026-03-14 19:28:52,32.3,51.3
2026-03-14 21:25:59,32.1,53.0
2026-03-14 22:26:08,31.2,60.4
2026-03-14 23:26:17,30.4,64.7
2026-03-15 10:22:46,29.9,53.8
2026-03-15 11:22:55,30.9,51.4
2026-03-15 12:23:04,31.7,49.9
2026-03-15 13:23:14,32.4,48.2
2026-03-15 14:23:23,33.0,46.9
2026-03-15 15:23:32,33.5,45.4
2026-03-15 16:23:41,33.4,46.9
2026-03-15 17:23:51,31.9,56.9
2026-03-16 11:11:09,31.6,50.2
2026-03-16 12:11:19,32.7,47.7
2026-03-16 13:11:28,33.6,46.2
2026-03-16 14:11:37,33.4,53.0
2026-03-16 15:11:46,33.8,52.6
2026-03-16 16:11:56,33.9,53.3
2026-03-16 17:12:05,33.6,55.1
2026-03-16 18:12:14,32.9,60.3
2026-03-16 19:12:23,32.7,67.3
2026-03-16 20:12:33,32.1,65.2
2026-03-16 21:12:42,31.7,65.0
2026-03-16 22:12:51,31.5,63.1
2026-03-16 23:13:02,31.9,53.5
2026-03-17 00:13:11,31.3,58.3
2026-03-17 10:09:07,31.6,69.6
2026-03-17 11:09:16,31.9,71.8
2026-03-17 12:09:26,32.3,69.4
2026-03-17 13:09:35,32.8,66.9
2026-03-17 14:09:44,33.4,63.7
2026-03-17 15:09:54,33.7,62.4
2026-03-17 16:10:03,34.0,60.2
2026-03-17 17:10:12,33.8,60.6
2026-03-17 18:10:21,33.2,66.7
2026-03-17 19:10:31,32.8,71.7
2026-03-17 20:10:40,32.2,67.6
2026-03-17 21:10:49,31.5,64.4
2026-03-17 22:10:59,32.0,56.7
2026-03-17 23:11:08,31.8,60.0
2026-03-18 00:11:17,30.1,74.3
2026-03-18 10:30:41,30.0,75.6
2026-03-18 11:30:50,31.2,71.3
2026-03-18 12:30:59,32.0,68.4
2026-03-18 13:31:08,32.9,63.9
2026-03-18 14:31:18,33.9,62.0
2026-03-18 15:31:27,33.4,63.0
2026-03-18 16:31:36,33.3,62.4
2026-03-18 18:10:59,32.9,67.8
2026-03-18 19:11:09,32.9,71.3
2026-03-18 20:11:18,32.7,68.4
2026-03-18 21:11:27,32.0,67.7
2026-03-18 22:11:37,32.1,63.2
2026-03-18 23:11:46,31.7,68.0
2026-03-19 00:11:55,31.3,72.8
2026-03-19 11:17:00,31.5,75.1
2026-03-19 12:17:09,32.3,69.9
2026-03-19 13:17:24,33.5,63.9
2026-03-19 14:17:28,34.0,60.0
2026-03-19 15:17:37,34.1,60.4
2026-03-19 16:17:46,34.2,58.9
2026-03-19 17:17:55,34.0,58.2
2026-03-19 18:18:05,33.3,65.8
2026-03-19 19:18:14,33.0,72.4
2026-03-19 20:18:23,32.5,69.8
2026-03-20 10:31:51,31.6,73.5
2026-03-20 11:32:00,32.6,70.5
2026-03-20 12:32:09,32.8,72.4
2026-03-20 13:32:19,33.3,70.0
2026-03-20 14:32:28,33.8,68.0
2026-03-20 15:32:37,34.2,65.4
2026-03-20 16:32:46,34.1,64.3
2026-03-20 17:32:56,33.3,72.4
2026-03-20 18:45:24,33.0,74.3
2026-03-20 19:45:33,32.6,73.2
2026-03-20 20:45:43,32.2,73.0
2026-03-20 21:45:52,31.4,73.4
2026-03-21 10:56:47,31.4,70.2
2026-03-21 11:56:56,32.8,64.4
2026-03-21 12:57:06,33.9,59.8
2026-03-21 13:57:15,33.9,62.6
2026-03-21 14:57:24,34.2,60.7
2026-03-21 15:57:34,34.5,59.6
2026-03-21 16:57:43,34.2,59.7
2026-03-21 17:57:52,33.7,62.1
2026-03-21 18:58:01,33.3,71.0
2026-03-21 19:58:10,33.0,72.1
2026-03-21 20:58:20,32.6,71.6
2026-03-21 21:58:29,32.2,70.7
2026-03-21 22:58:38,31.8,70.3
2026-03-21 23:58:54,31.6,72.7
2026-03-22 00:59:03,31.4,75.2
2026-03-22 10:25:13,31.6,73.4
2026-03-22 11:25:23,32.7,70.0
2026-03-22 12:25:32,33.4,67.9
2026-03-22 13:25:41,34.1,63.9
2026-03-22 14:25:51,34.2,63.3
2026-03-22 15:26:00,34.4,61.7
2026-03-22 16:26:09,34.1,62.9
2026-03-22 17:26:18,33.5,65.6
2026-03-22 18:26:28,33.4,66.1
2026-03-22 19:26:37,33.1,74.3
2026-03-22 20:26:46,32.8,73.3
2026-03-22 21:26:56,32.6,72.8
2026-03-22 22:27:05,32.2,74.1
2026-03-22 23:27:14,32.0,74.3
2026-03-23 00:27:25,31.6,76.7
2026-03-23 10:20:40,31.5,78.0
2026-03-23 11:20:49,32.6,72.3
2026-03-23 12:20:59,33.0,72.5
2026-03-23 13:21:08,33.5,70.8
2026-03-23 14:21:17,34.2,67.3
2026-03-23 15:21:27,34.6,64.8
2026-03-23 16:21:36,34.8,64.7
2026-03-23 17:21:45,34.7,63.3
2026-03-23 18:21:54,34.0,69.9
2026-03-23 19:22:04,33.7,75.1
2026-03-23 20:22:13,33.3,73.9
2026-03-23 21:22:22,32.9,72.7
2026-03-23 22:22:32,32.7,71.9
2026-03-23 23:22:41,32.3,73.7
2026-03-24 00:22:52,32.0,76.7
2026-03-24 10:09:25,31.4,77.5
2026-03-24 11:09:34,32.4,74.4
2026-03-24 12:09:44,32.9,74.8
2026-03-24 13:09:53,33.6,71.8
2026-03-24 14:10:02,34.4,67.3
2026-03-24 15:10:12,35.2,63.3
2026-03-24 16:10:21,35.4,61.4
2026-03-24 17:10:30,35.2,62.9
2026-03-24 18:10:39,34.6,65.2
2026-03-24 19:10:49,33.9,73.1
2026-03-24 20:10:58,33.6,73.2
2026-03-24 21:11:07,33.2,73.6
2026-03-24 22:11:16,32.9,73.8
2026-03-24 23:11:26,32.5,74.2
2026-03-25 00:11:37,32.1,75.3
2026-03-25 01:11:46,31.7,76.3
2026-03-25 10:35:09,32.0,75.1
2026-03-25 11:35:18,33.3,70.9
2026-03-25 12:35:28,33.7,70.2
2026-03-25 13:35:37,34.5,68.4
2026-03-25 14:35:46,35.1,64.7
2026-03-25 15:35:55,35.5,63.4
2026-03-25 16:36:05,35.6,61.8
2026-03-25 17:36:14,35.1,63.7
2026-03-25 18:36:23,34.1,66.4
2026-03-25 19:36:33,33.7,73.1
2026-03-25 20:36:42,33.5,72.9
2026-03-25 21:36:51,33.1,72.4
2026-03-25 22:37:00,32.6,73.5
2026-03-25 23:37:10,32.2,74.7
2026-03-26 00:37:21,31.8,75.2
2026-03-26 10:01:38,31.7,76.2
2026-03-26 11:01:47,32.5,75.1
2026-03-26 12:01:57,32.9,73.3
2026-03-26 13:02:06,33.5,70.4
2026-03-26 14:02:15,34.3,67.7
2026-03-26 15:02:25,35.0,62.3
2026-03-26 16:02:34,35.1,62.0
2026-03-26 17:02:43,35.0,62.2
2026-03-26 18:02:52,34.6,65.6
2026-03-26 19:03:02,34.0,73.9
2026-03-26 20:03:11,33.7,74.2
2026-03-26 21:03:20,33.3,74.2
2026-03-26 22:03:30,33.0,72.8
2026-03-26 23:03:39,32.5,73.8
2026-03-27 00:03:50,32.3,73.1
2026-03-27 10:23:25,32.4,71.0
2026-03-27 11:23:34,32.7,72.2
2026-03-27 12:23:43,33.4,69.2
2026-03-27 13:23:53,34.1,66.8
2026-03-27 14:24:02,34.8,63.5
2026-03-27 15:24:11,35.6,61.4
2026-03-27 16:24:20,35.3,62.1
2026-03-27 17:24:30,35.1,62.6
2026-03-27 18:24:39,34.4,70.5
2026-03-27 19:24:48,33.9,73.9
2026-03-27 20:24:57,33.5,71.7
2026-03-27 21:25:07,33.1,71.8
2026-03-27 22:25:16,32.6,73.6
2026-03-27 23:25:25,32.0,74.8
2026-03-28 00:25:36,31.4,75.7
2026-03-28 01:25:45,30.9,75.3
2026-03-28 09:57:29,31.3,76.4
2026-03-28 10:57:39,31.8,76.2
2026-03-28 13:00:28,33.6,68.5
2026-03-28 14:00:37,34.3,62.6
2026-03-29 09:24:14,31.0,76.6
2026-03-29 10:24:23,32.2,69.6
2026-03-29 11:24:33,33.2,65.4
2026-03-29 12:24:42,33.9,62.9
2026-03-29 13:24:51,33.7,65.0
2026-03-29 14:25:00,34.2,61.9
2026-03-29 15:25:10,34.6,59.0
2026-03-29 16:25:19,34.9,56.7
2026-03-29 17:25:28,34.4,55.8
2026-03-29 18:25:37,33.6,66.7
2026-03-29 19:25:47,33.3,69.4
2026-03-29 20:25:56,32.8,69.4
2026-03-29 21:26:05,32.4,69.4
2026-03-29 22:26:15,32.1,71.3
2026-03-29 23:26:24,32.3,65.4
2026-03-30 00:26:33,32.2,64.5
2026-03-30 09:38:36,31.0,73.1
2026-03-30 10:38:46,32.1,68.7
2026-03-30 11:38:55,32.2,70.2
2026-03-30 12:39:04,32.9,65.5
2026-03-30 13:39:14,33.5,60.6
2026-03-30 14:39:23,34.0,58.5
2026-03-30 15:39:32,34.3,59.3
2026-03-30 16:39:41,34.4,60.4
2026-03-30 17:39:51,34.0,62.1
2026-03-30 18:40:00,33.3,68.0
2026-03-30 19:40:09,33.1,70.1
2026-03-30 20:40:18,32.8,70.4
2026-03-30 21:40:28,32.5,73.3
2026-03-30 22:40:37,32.0,74.5
2026-03-30 23:40:46,31.6,76.0
2026-03-31 10:10:18,31.2,71.8
2026-03-31 11:59:55,33.0,67.4
2026-03-31 13:00:04,33.1,69.0
2026-03-31 14:00:13,33.3,64.9
2026-03-31 15:00:23,33.7,61.0
2026-03-31 16:00:32,34.2,59.0
2026-03-31 17:00:41,34.1,59.5
2026-03-31 18:00:51,33.6,65.1
2026-03-31 19:01:00,33.4,72.7
2026-04-01 10:49:07,31.9,77.7
2026-04-01 11:49:16,32.2,74.8
2026-04-01 12:49:25,33.0,70.4
2026-04-01 13:49:34,33.7,69.2
2026-04-01 14:49:44,34.3,66.4
2026-04-01 15:49:53,34.6,63.5
2026-04-01 16:50:02,34.9,61.0
2026-04-01 17:50:11,34.3,63.5
2026-04-01 18:50:21,33.7,71.1
2026-04-01 19:50:30,33.4,73.7
2026-04-01 20:50:39,32.9,72.6
2026-04-01 21:50:49,32.4,70.0
2026-04-01 22:50:58,32.1,71.6
2026-04-01 23:51:07,31.9,74.4
2026-04-02 10:45:38,32.1,77.4
2026-04-02 11:45:47,32.6,75.9
2026-04-02 12:45:56,33.6,70.6
2026-04-02 13:46:05,34.2,66.6
2026-04-02 14:46:15,35.0,60.0
2026-04-02 15:46:24,35.3,57.4
2026-04-02 16:46:33,35.4,58.0
2026-04-02 17:46:43,34.5,61.2
2026-04-02 18:46:52,34.0,69.6
2026-04-02 19:47:01,33.7,67.3
2026-04-02 20:47:10,33.1,71.0
2026-04-02 21:47:20,32.7,72.3
2026-04-02 22:47:29,32.3,71.8
2026-04-02 23:47:41,31.7,72.7
2026-04-03 00:47:50,31.3,74.3
2026-04-03 10:37:22,31.6,78.4
2026-04-03 11:37:32,32.2,76.8
2026-04-03 12:37:41,32.7,72.8
2026-04-03 13:37:50,33.4,66.0
2026-04-03 14:38:00,33.7,62.1
2026-04-03 15:38:09,33.9,62.0
2026-04-03 16:38:18,34.4,61.8
2026-04-03 17:38:27,34.3,60.8
2026-04-03 18:38:37,33.8,63.2
2026-04-03 19:38:46,33.2,73.4
2026-04-03 20:38:55,33.0,75.6
2026-04-03 21:39:04,32.7,74.4
2026-04-03 22:39:14,32.1,73.5
2026-04-03 23:39:23,31.8,76.0
2026-04-04 00:39:34,31.4,78.0
2026-04-04 01:39:43,31.2,77.7
2026-04-04 10:41:52,32.2,63.6
2026-04-04 11:42:01,33.1,58.6
2026-04-04 12:42:10,34.0,51.2
2026-04-04 13:42:20,34.8,50.9
2026-04-04 14:42:29,35.3,48.6
2026-04-04 15:42:38,35.7,48.1
2026-04-04 16:42:47,35.8,46.2
2026-04-04 17:42:56,35.0,47.6
2026-04-04 18:43:06,34.1,54.6
2026-04-04 19:43:15,33.9,54.6
2026-04-04 20:43:24,32.9,61.6
2026-04-04 21:43:33,32.3,64.1
2026-04-04 22:43:43,32.1,69.6
2026-04-04 23:43:52,31.8,72.1
2026-04-05 00:44:01,31.5,74.2
2026-04-05 10:19:36,32.0,64.5
2026-04-05 11:19:46,33.1,57.9
2026-04-05 12:19:55,34.3,53.4
2026-04-05 13:20:04,34.7,53.8
2026-04-05 14:20:13,34.9,51.7
2026-04-05 15:20:23,35.8,50.1
2026-04-05 16:20:32,36.0,49.3
2026-04-05 17:20:41,35.6,49.7
2026-04-05 18:20:50,34.7,51.2
2026-04-05 19:45:10,33.2,61.2
2026-04-05 20:45:19,32.7,62.2
2026-04-05 21:45:28,32.3,62.1
2026-04-05 22:45:38,31.9,65.9
2026-04-05 23:45:47,31.7,63.8
2026-04-06 00:45:56,32.2,58.7
2026-04-06 10:25:57,32.0,66.2
2026-04-06 11:26:06,32.6,64.7
2026-04-06 12:26:16,33.7,61.5
2026-04-06 13:26:25,34.8,56.5
2026-04-06 14:26:34,36.0,50.4
2026-04-06 15:26:43,36.6,48.2
2026-04-06 16:26:52,36.6,50.5
2026-04-06 17:27:02,36.3,47.3
2026-04-06 18:27:11,34.7,57.7
2026-04-06 19:27:20,33.8,65.2
2026-04-06 20:27:29,33.1,63.3
2026-04-06 21:27:39,32.7,62.7
2026-04-06 22:27:48,32.3,64.5
2026-04-06 23:27:57,32.0,67.9
2026-04-07 00:28:10,31.6,69.8
2026-04-07 08:10:05,30.2,75.4
2026-04-07 09:10:14,31.3,69.0
2026-04-07 10:10:23,32.0,67.6
2026-04-07 11:10:33,33.1,62.8
2026-04-07 12:10:42,33.8,62.4
2026-04-07 13:10:51,34.9,59.2
2026-04-07 14:11:00,36.0,55.3
2026-04-07 15:11:10,36.6,51.1
2026-04-07 16:11:19,37.0,47.9
2026-04-07 17:11:28,37.1,45.0
2026-04-07 18:11:37,35.3,54.0
2026-04-07 19:11:46,34.3,62.4
2026-04-07 20:11:56,34.0,59.8
2026-04-07 21:12:05,33.6,65.6
2026-04-07 22:12:14,33.1,66.7
2026-04-07 23:12:23,32.7,67.1
2026-04-08 00:12:33,32.4,68.4
2026-04-08 10:33:33,32.2,71.9
2026-04-08 11:33:43,33.3,65.9
2026-04-08 12:33:52,34.7,59.0
2026-04-08 13:34:01,35.7,51.4
2026-04-08 14:34:10,36.5,48.7
2026-04-08 15:34:19,37.1,46.2
2026-04-08 16:34:29,37.2,44.3
2026-04-08 17:34:38,36.0,47.3
2026-04-08 18:34:47,34.3,60.7
2026-04-08 19:34:56,33.9,61.9
2026-04-08 20:35:05,33.4,61.5
2026-04-08 21:35:15,32.9,62.7
2026-04-08 22:35:24,32.4,65.2
2026-04-08 23:35:33,32.2,69.9
2026-04-09 09:26:52,31.2,76.2
2026-04-09 10:27:01,32.2,71.5
2026-04-09 11:27:10,32.6,70.6
2026-04-09 12:27:20,33.9,63.9
2026-04-09 13:27:29,35.2,56.4
2026-04-09 14:27:38,36.0,55.3
2026-04-09 15:27:47,36.8,46.6
2026-04-09 16:27:56,36.9,44.5
2026-04-09 17:28:06,36.3,46.7
2026-04-09 18:28:15,35.0,53.1
2026-04-09 19:28:24,33.5,65.6
2026-04-09 20:28:34,33.2,66.5
2026-04-09 21:28:42,32.7,69.3
2026-04-09 22:28:52,32.6,71.0
2026-04-09 23:29:03,32.3,72.3
2026-04-10 00:29:12,32.0,73.6
2026-04-10 10:33:01,32.1,70.9
2026-04-10 11:33:10,32.6,66.1
2026-04-10 12:33:19,33.8,56.0
2026-04-10 13:33:28,35.2,51.2
2026-04-10 14:33:38,36.0,47.0
2026-04-10 15:33:47,36.7,44.9
2026-04-10 16:33:56,36.8,46.5
2026-04-10 17:34:05,36.2,47.2
2026-04-10 18:34:14,34.3,56.6
2026-04-10 19:34:24,33.5,64.0
2026-04-10 20:34:33,33.3,63.0
2026-04-10 21:34:42,32.9,66.7
2026-04-10 22:34:51,32.8,72.2
2026-04-10 23:35:01,32.4,74.4
2026-04-11 00:35:11,32.0,75.2
2026-04-11 09:43:49,31.3,74.0
2026-04-11 10:43:58,31.8,66.1
2026-04-11 11:44:08,33.6,52.9
2026-04-11 12:44:17,35.4,44.3
2026-04-11 13:44:26,35.8,39.7
2026-04-11 14:44:35,37.3,37.7
2026-04-11 15:44:44,37.4,35.8
2026-04-11 16:44:54,37.4,35.6
2026-04-11 17:45:03,36.8,38.0
2026-04-11 18:45:12,34.9,50.2
2026-04-11 19:45:21,34.0,62.3
2026-04-11 20:45:30,33.6,60.1
2026-04-11 21:45:40,33.1,61.3
2026-04-11 22:45:49,32.8,64.9
2026-04-11 23:46:00,32.4,69.3
2026-04-12 10:54:58,33.0,65.4
2026-04-12 11:55:08,33.6,61.5
2026-04-12 12:55:17,34.7,55.7
2026-04-12 13:55:26,36.0,49.2
2026-04-12 14:55:35,36.9,43.2
2026-04-12 15:55:44,36.8,45.0
2026-04-12 16:55:54,36.5,44.5
2026-04-12 17:56:03,35.5,46.8
2026-04-12 18:56:12,34.0,58.8
2026-04-12 19:56:21,33.4,61.5
2026-04-12 20:56:30,33.1,59.4
2026-04-12 21:56:40,32.7,62.9
2026-04-12 22:56:49,32.4,66.9
2026-04-12 23:56:58,32.0,68.1
2026-04-13 00:57:09,31.7,69.5
2026-04-13 10:25:19,32.0,67.7
2026-04-13 11:25:28,32.7,62.5
2026-04-13 12:25:37,33.9,53.9
2026-04-13 13:25:47,34.9,48.5
2026-04-13 16:34:21,36.4,37.3
2026-04-13 17:34:30,35.4,41.2
2026-04-13 18:34:39,33.5,58.2
2026-04-13 19:34:49,33.2,58.2
2026-04-13 20:34:58,32.8,61.7
2026-04-13 21:35:07,32.6,59.5
2026-04-13 22:35:16,32.3,63.0
2026-04-13 23:35:26,32.0,69.0
2026-04-14 10:04:00,32.1,76.8
2026-04-14 11:04:09,32.9,70.7
2026-04-14 12:04:19,34.2,60.9
2026-04-14 13:04:28,35.5,53.5
2026-04-14 14:04:37,36.4,50.0
2026-04-14 15:04:46,36.9,47.1
2026-04-14 16:04:55,37.4,39.1
2026-04-14 17:05:05,36.9,37.9
2026-04-14 18:05:14,35.2,49.4
2026-04-14 19:05:23,34.0,56.7
2026-04-14 20:05:32,33.3,56.5
2026-04-14 21:05:41,32.8,57.7
2026-04-14 22:05:51,32.3,59.4
2026-04-14 23:06:00,32.8,53.6
2026-04-15 00:06:12,32.8,54.0
2026-04-15 06:37:27,31.1,74.8
2026-04-15 07:37:36,31.0,77.4
2026-04-15 08:37:45,31.5,75.3
2026-04-15 09:37:54,32.3,70.6
2026-04-15 10:38:04,32.8,66.3
2026-04-15 11:38:13,33.3,60.8
2026-04-15 12:38:22,35.0,55.0
2026-04-15 13:38:31,36.1,50.0
2026-04-15 14:38:40,36.9,46.8
2026-04-15 15:38:50,37.1,46.7
2026-04-15 16:38:59,37.1,47.7
2026-04-15 17:39:08,36.4,49.0
2026-04-15 18:39:17,34.7,62.0
2026-04-15 19:39:26,34.1,63.0
2026-04-15 20:39:35,33.3,61.7
2026-04-15 21:49:48,33.3,57.2
2026-04-15 22:49:57,34.0,53.7
2026-04-15 23:50:06,33.0,67.6
2026-04-16 10:57:25,32.9,72.8
2026-04-16 11:57:34,34.1,62.8
2026-04-16 12:57:43,35.4,56.7
2026-04-16 14:20:08,36.8,48.8
2026-04-16 15:20:17,37.3,46.9
2026-04-16 16:20:27,37.4,47.9
2026-04-16 17:20:36,36.6,48.9
2026-04-16 18:47:58,35.4,53.1
2026-04-16 19:48:07,34.3,61.5
2026-04-16 20:48:16,33.7,59.4
2026-04-16 21:48:26,33.5,58.7
2026-04-16 23:31:20,32.7,67.8
2026-04-17 00:31:29,32.5,71.3
2026-04-17 10:47:25,32.9,76.5
2026-04-17 11:47:34,33.6,70.4
2026-04-17 12:47:43,34.7,64.7
2026-04-17 13:47:52,35.7,60.0
2026-04-17 14:48:02,36.5,56.5
2026-04-17 15:48:11,37.0,51.2
2026-04-17 16:48:20,37.0,48.6
2026-04-17 17:48:29,36.5,50.9
2026-04-17 18:48:38,34.8,63.3
2026-04-17 19:48:47,34.4,63.6
2026-04-17 20:48:57,33.8,65.1
2026-04-17 21:49:06,33.5,70.4
2026-04-17 22:49:15,33.4,73.1
2026-04-17 23:49:30,32.9,73.2
2026-04-18 10:40:07,32.6,75.3
2026-04-18 11:40:17,33.5,70.6
2026-04-18 13:16:54,35.3,64.4
2026-04-27 16:13:39,36.4,56.2
2026-04-27 17:13:49,36.1,56.5
2026-04-27 18:13:58,35.1,63.7
2026-04-27 19:14:07,34.5,66.3
2026-04-27 20:14:16,34.1,68.4
2026-04-27 21:14:25,33.7,70.6
2026-04-27 22:14:37,33.5,71.8
2026-04-27 23:14:46,33.1,69.4
2026-04-28 00:14:55,32.6,69.9
2026-04-28 12:33:41,34.5,58.0
2026-04-28 13:33:50,35.4,58.5
2026-04-28 14:33:59,36.1,56.6
2026-04-28 15:34:08,36.5,53.5
2026-04-28 16:34:18,36.8,50.9
2026-04-28 17:34:27,36.2,52.5
2026-04-28 18:34:36,35.4,58.0
2026-04-28 19:34:45,34.7,65.4
2026-04-28 20:34:56,34.2,66.3
2026-04-28 21:35:05,33.9,68.0
2026-04-28 22:35:14,33.7,71.6
2026-04-28 23:35:23,33.2,72.4
2026-04-29 00:35:33,32.8,72.7
2026-04-30 13:09:22,34.5,62.9
2026-04-30 14:09:31,35.3,60.5
2026-04-30 15:09:40,35.6,59.5
2026-04-30 16:09:49,35.4,59.9
2026-04-30 17:09:58,34.6,66.6
2026-04-30 18:10:07,34.0,72.8
2026-04-30 19:10:17,33.3,60.4
2026-04-30 20:10:26,31.4,63.3
2026-04-30 21:10:38,29.6,73.3
2026-04-30 22:10:47,29.0,70.4
2026-04-30 23:10:56,28.8,70.3
2026-05-01 00:11:05,29.4,71.6
